Name,Price
Farm Boy Frankfurters Traditional 450 g,$5.99
Farm Boy Fully Cooked Maple Wood Smoked Bacon 125 g,$5.99
Farm Boy Gluten-Free Frankfurters Traditional 450 g,$5.99
Farm Boy Bacon Peameal Style 500 g,$6.99
Farm Boy Sausages Medium Italian 500 g,$6.99
Farm Boy Sausage Herb Garlic 500 g,$6.99
Farm Boy Sausage Hot Italian 500 g,$6.99
Farm Boy All Beef Frankfurters 450 g,$6.99
Farm Boy Pork BreakFast Patty 375 g,$6.99
Farm Boy Honey and Pork Breakfast Sausage 375 g,$6.99
Farm Boy Naturals Double Smoked Bacon Rounds 375 g,$6.99
Farm Boy Sausage English Banger 500 g,$6.99
Farm Boy Sausages Honey & Garlic 500 g,$6.99
Farm Boy Sausage German Bratwurst 500 g,$6.99
Farm Boy Polish Kolbassa Chub 30 g,$6.99
Farm Boy Frankfurters All Beef 450 g,$6.99
Farm Boy Sausage Mild Italian 500 g,$6.99
Farm Boy Pork Breakfast Sausage 375 g,$6.99
Farm Boy Sausages Smoked Bacon & Cheese 500 g,$7.99
Farm Boy Wild Frozen Sockeye Smoked Salmon 85 g,$7.99
Farm Boy Sausages Smoked Mild Italian 500 g,$7.99
Farm Boy Maple Wood Smoked Bacon 500 g,$7.99
Farm Boy Sausages Smoked Jalapeno & Cheese 500 g,$7.99
Farm Boy Sausage Smoked Spicy Spanish Chorizo 500 g,$7.99
Farm Boy Sausages Smoked Hot Italian 500 g,$7.99
Farm Boy Wagyu Beef Frankfurters 375 g,$8.99
Farm Boy Bacon Naturals 250 g,$8.99
Farm Boy Atlantic Smoked Salmon Bites Maple 140 g,$9.99
Farm Boy Atlantic Smoked Salmon Bites Steak Spice 140 g,$9.99
Farm Boy Atlantic Smoked Salmon Bites Original 140 g,$9.99
Farm Boy Pulled Pork Maple BBQ 400 g,$10.99
Farm Boy Ham Naturals Smoked Honey 800 g,$11.99
Farm Boy Frozen Argentinian Shrimp Raw 340 g,$12.99
Farm Boy Thick Sliced Baked Ham Naturals 300 g,$12.99
Farm Boy Frozen Signature Burger Bacon & Cheddar 720 g,$12.99
Farm Boy Sliced Black Forest Ham Naturals 400 g,$13.99
Farm Boy Wild Frozen Sockeye Smoked Salmon 200 g,$14.99
Farm Boy Diner Dinners Pork Schnitzel 600 g,$14.99
Farm Boy Bacon Thick Sliced Naturals 1 kg,$14.99
Farm Boy Pork Back Ribs Maple BBQ 800 g,$16.99
Farm Boy Frozen Lobster Claws 454 g,$22.99
Farm Boy 14% Sour Cream 500 ml,$3.99
Farm Boy Goat Cheese Honey 113 g,$4.99
Farm Boy Crumble Goat Cheese 113 g,$5.99
Farm Boy Kefir Plain 1 L,$5.99
Farm Boy Vegan Parmesan-Style Shredded Cheese Alternative 200 g,$5.99
Farm Boy Vegan Feta-Style Cheese Alternative 200 g,$5.99
Farm Boy 2.4% Kefir Peach 1 L,$5.99
Farm Boy 2.4% Kefir Strawberry 1 L,$5.99
Farm Boy Vegan Cheddar-Style Shredded Cheese Alternative 200 g,$5.99
Farm Boy Vegan Poutine-Style Curd Cheese Alternative 200 g,$5.99
Farm Boy Vegan Mozzarella-Style Shredded Cheese Alternative 200 g,$5.99
Farm Boy Organic Yogurt Plain 750 g,$6.49
Farm Boy Vegan Cheddar-Style Block Cheese Alternative 200 g,$6.49
Farm Boy Vegan Smoked Gouda-Style Block Cheese Alternative 200 g,$6.49
Farm Boy Vegan Provolone-Style Sliced Cheese Alternative 200 g,$6.49
Farm Boy Vegan Mozzarella-Style Sliced Cheese Alternative 200 g,$6.49
Farm Boy Vegan Cheddar-Style Sliced Cheese Alternative  200 g,$6.49
Farm Boy Vegan Swiss-Style Sliced Cheese Alternative 200 g,$6.49
Farm Boy Vegan Smoked Gouda-Style Sliced Cheese Alternative 200 g,$6.49
Farm Boy Cheese Halloumi Original 200 g,$7.49
Farm Boy Garlic & Herb Halloumi Cheese 200 g,$7.49
Farm Boy Cheddar Sharp Small Batch Cheese 175 g,$7.99
Farm Boy Double Cream Brie 200 g,$7.99
Farm Boy Cheese Scottish Cheddar 200 g,$7.99
Farm Boy 0.8% Cottage Cheese Pressed 500 g,$7.99
Farm Boy Cheese Buffalo Mozzarella 125 g,$7.99
Farm Boy Cream Cheese 500 g,$7.99
Farm Boy Cheese Irish Cheddar 200 g,$7.99
Farm Boy Organic Cheese Double Smoked Cheddar 195 g,$9.49
Farm Boy Original Goat Log,$9.99
Farm Boy Enriched White Bread Texas Toast 800 g,$2.99
Farm Boy Light Rye Bread 450 g,$2.99
Farm Boy Garlic Bread 325 g (frozen),$2.99
Farm Boy Whole Wheat Bread Texas Toast 800 g,$2.99
Farm Boy Multigrain Bread 600 g,$3.99
Farm Boy Sesame Seed Bagels 595 g (frozen),$4.99
Farm Boy Bread Whole Wheat 600 g,$3.99
Farm Boy Everything Bagel 510 g (frozen),$4.99
Farm Boy Marble Rye Bread 450 g,$2.99
Farm Boy Asiago Cheese Bagels 6 Pack 595 g (frozen),$5.99
Farm Boy Dark Rye Bread 450 g,$2.99
Farm Boy Buns Hot Dog 8 EA 350 g,$3.99
Farm Boy Loaf Cake Banana Chocolate 425 g,$5.99
Farm Boy Bread Sunflower Seed 600 g,$3.99
Farm Boy Flaxseed Bread 600 g,$3.99
Farm Boy Plain Bagels 510 g (frozen),$4.99
Farm Boy Hamburger Rolls (Buns) 8 x 45 g,$3.99
Farm Boy Texas Hamburger Buns 8 EA 400 g,$3.99
Farm Boy Multigrain Bagels 7’s 510 g (frozen),$4.99
Farm Boy Bagels Cinnamon Raisin 595 g (frozen),$5.99
Farm Boy Loaf Cake Classic Carrot 425 g,$5.99
Farm Boy Tart Pecan Butter 510 g,$7.99
Farm Boy Naan Flame Baked Original 500 g,$3.49
Farm Boy Whole Wheat 8 Inch Tortilla Wrap 10 EA 430 g (frozen),$3.99
Farm Boy Tart Raisin Butter 510 g,$7.99
Farm Boy Butter Tarts Classic 6 Pack 480 g,$7.99
Farm Boy Whole Wheat & Honey Bagels 7's 510 g (frozen),$4.99
Farm Boy Original 10 in Tortilla Wrap 680 g (frozen),$4.99
Farm Boy Loaf Cranberry Orange 425 g,$5.99
Farm Boy Frozen Apple Pie 8 Inch 620 g,$6.99
Farm Boy Frozen Brioche Hamburger Buns 4 Pack 228 g,$3.79
Farm Boy Texas Hot Dog Rolls 6 EA 400 g,$3.99
Farm Boy Vegan Muffins Cranberry Lemon 330 g (frozen),$6.99
Farm Boy Original 8 Inch Tortilla Wrap 430 g (frozen),$3.99
Farm Boy Frozen Brioche Rolls Pull Apart 12 Pack 480 g,$5.99
Farm Boy Chocolate And Cream Swiss Rolls 400 g (frozen),$5.99
Farm Boy Gluten-Free Tarts Maple Butter 400 g,$5.99
Farm Boy Tortilla Wrap 10 Inch Whole Wheat 680 g (frozen),$4.99
Farm Boy Loaf Cake Lemon Thyme 450 g,$5.99
Farm Boy Gluten-Free Tortillas Yellow Corn 450 g,$4.49
Farm Boy Gluten-Free Tortillas White Corn 450 g,$4.49
Farm Boy Swiss Rolls Pumpkin 400 g (frozen),$5.99
Farm Boy Naan Flame Baked Garlic 500 g,$3.49
Farm Boy Thin Square Buns Everything 6 Buns 450 g (frozen),$2.99
Farm Boy Tomato Basil 10 Inch Tortilla Wrap 680 g (frozen),$4.99
Farm Boy Swiss Rolls Raspberry Vanilla 400 g (frozen),$5.99
Farm Boy Plain Thin Square Buns Plain 450 g (frozen),$2.99
Farm Boy Naan Whole Wheat Flame Baked 500 g,$3.49
Farm Boy Buns White Thin Slider 380 g (frozen),$2.99
Farm Boy Date Squares 475 g,$8.99
Farm Boy Gluten-Free Hot Dog Buns 272g (frozen),$5.99
Farm Boy Gluten-Free Tarts Butter Original 400 g,$9.99
Farm Boy Frozen Pull Apart Brioche Chocolate Chip 490 g,$5.99
Farm Boy Loaf Cake Triple Chocolate 400 g,$6.99
Farm Boy Simply Five Loaf Everything 700 g (frozen),$4.99
Farm Boy Flatbread Cranberry 150 g,$4.99
Farm Boy Chocolate Vegan Cupcakes 220 g (frozen),$6.99
Farm Boy Frozen Hamburger Buns 4 Counts Sesame 225 g,$3.79
Farm Boy Breadsticks Fennel Taralli 250 g,$4.99
Farm Boy Taralli Breadsticks Black Olive & Rosemary 250 g,$4.99
Farm Boy Whole Wheat Roti 750 g,$3.99
Farm Boy Loaf Vanilla Bean 425 g,$6.99
Farm Boy Vegan Cupcakes Spiced Carrot 220 g (frozen),$6.99
Farm Boy 10 in Tortilla Wrap Jalapeno 680 g (frozen),$4.99
Farm Boy Swiss Strawberry Shortcake 400 g (frozen),$5.99
Farm Boy Flatbreads Classic 200 g,$3.99
Farm Boy Mixed Berry Flavored Vegan Cupcakes 220 g (frozen),$6.99
Farm Boy Sesame Flatbread 150 g,$4.99
Farm Boy Pecan Pie 565 g (frozen),$7.99
Farm Boy Original Roti 750 g,$3.99
Farm Boy Breadsticks Original Taralli 250 g,$4.99
Farm Boy Gluten-Free Hamburger Buns 4 Buns 272 g (frozen),$5.99
Farm Boy Cookies & Cream Swiss Rolls 400 g (frozen),$5.99
Farm Boy Hot Chili Taralli Breadsticks 250 g,$4.99
Farm Boy Gluten-Free Tortillas Blue Corn 450 g,$4.49
Farm Boy Flatbreads Whole Wheat Crispy 136 g,$3.99
Farm Boy Flat Bread Roasted Garlic 136 g,$3.99
Farm Boy Flatbread Asiago 150 g,$4.99
Farm Boy Loaf Pumpkin Spice 500 g,$5.99
Farm Boy Goat Milk Cheese Original 113 g,$4.99
Farm Boy Cheese Mozzarella Ball 320 g,$7.99
Farm Boy Toum Lebanese-Style Garlic Sauce 275 g,$4.99
Farm Boy Triple Cream Brie 300 g,$10.99
Farm Boy Farmstead Gruyere 150 g,$9.99
Farm Boy Thick Sliced Chicken Breast Naturals 300 g,$12.99
Farm boy Cream Cheese 250 g,$4.99
Farm Boy Semi-Soft Fresh Cheese Mini Bocconcini 200 g,$7.49
Farm Boy Genoa Salami 100 g,$7.99
Bocconcini Cheese Fresh Semi-Soft 200 g,$7.49
Farm Boy Gluten-Free Prosciutto Salami 100g,$7.99
Farm Boy Tomato Sauce Sugo Di Pomodoro 680 ml,$6.99
Farm Boy Naturals Sliced Turkey Breast Value Size 400 g,$13.99
Farm Boy Cow's Milk Feta Cheese 250 g,$5.99
Farm Boy Pepperoni Slims Beef 100 g,$4.99
Farm Boy English Cheddar Cheese 200 g,$7.99
Farm Boy Organic Cheese Extra Sharp Cheddar 150 g,$9.49
Farm Boy Organic Cheese 3 Year Old Cheddar 195 g,$9.49
Farm Boy Welsh Cheddar Cheese 200 g,$7.99
Farm Boy Organic Cheddar Cheese Marble 200 g,$7.99
Farm Boy Thick Sliced Turkey Breast Naturals 300 g,$12.99
Farm Boy Organic Cheese Old Cheddar 200 g,$7.99
Farm Boy Kolbassa Chub Turkey 250 g,$6.99
Farm Boy Ricotta Cheese Soft Fresh 400 g,$7.49
Farm Boy Shredded Cheese Classic Blend 280 g,$7.49
Farm Boy Pâté Liver Old Fashioned 150 g,$5.99
Farm Boy Organic Cheese Medium Cheddar 200 g,$7.99
Farm Boy Sliced Roast Beef Naturals 400 g,$13.99
Farm Boy Naturals Thick Sliced Roast Beef 300 g,$12.99
Farm Boy Lean Kolbassa Chub 250 g,$6.99
Farm Boy Goat Milk Cheese Garlic & Herb 113 g,$4.99
Farm Boy Organic Cheese Mozzarella 200g,$7.99
Farm Boy Goat's Milk Cheese Fig 113 g,$4.99
Farm Boy Original Vegan Parmezzan Cheese 85 g,$4.99
Farm Boy Pork Pepperoni Slims 100 g,$4.99
Farm Boy Fontina Farmstead 150 g,$8.49
Farm Boy Spanish Chorizo Hot 240 g,$8.99
Farm Boy Meat Pâté De Campagne With Cognac 150 g,$5.99
Farm Boy Fuet Bites 250 g,$8.99
Farm Boy Goat Milk Cheese Cranberry Cinnamon 113 g,$4.99
Farm Boy Cheese Grated Parmesan 200 g,$7.49
Farm Boy Swiss Cheese 190 g,$7.99
Farm Boy Sliced Prosciutto With Truffle 100 g,$5.99
Farm Boy Bites Chorizo 250 g,$8.99
Farm Boy Rosette De Lyon Salami Classic 300 g,$11.99
Farm Boy Queso Cheese Dip 275 g,$6.99
Farm Boy Light Goat Milk Cheese 113g,$4.99
Farm Boy Sorbet Mango 150 ml,$3.50
Farm Boy Gelato Belgian Chocolate 150 ml,$3.50
Farm Boy Organic Cauliflower Florets 500 g (frozen),$4.99
Farm Boy Organic Peas & Carrots 500 g (frozen),$4.99
Farm Boy Frozen Rainbow Veggie Fries 500 g,$4.99
Farm Boy Potato With Mushrooms Perogies 454 g (frozen),$5.49
Farm Boy Frozen Perogies Potato With Cheddar & Jalapeno 454 g,$5.49
Farm Boy Frozen Perogies Potato With Bacon & Cheddar 454 g,$5.49
Farm Boy Frozen Perogies Potato With Cheddar 454 g,$5.49
Farm Boy Frozen Perogies Potato With Spinach & Feta 454 g,$5.49
Farm Boy Frozen Perogies Potato With Fried Onion 454 g,$5.49
Farm Boy Frozen Fries Crinkle Cut 600 g,$5.49
Farm Boy Frozen Sliced Peaches 600 g,$5.99
Farm Boy Quiche Ham And Cheese 200 g (frozen),$5.99
Farm Boy Quiche Spinach And Mushroom 200 g (frozen),$5.99
Farm Boy Frozen Mango Chunks 600 g,$5.99
Farm Boy Frozen Fruit Pineapple Chunks 600 g,$5.99
Farm Boy Single Serve Vegetable Quiche 200 g (frozen),$5.99
Farm Boy Frozen Stone Baked Pizza Chicken Pesto 335 g,$5.99
Farm Boy Quiche Lorraine 200 g (frozen),$5.99
Farm Boy Frozen Pizza Stone Baked Meat Supreme 365 g,$5.99
Farm Boy Ice Cream Sandwich Chocolate Chip 4 x 130 ml,$5.99
Farm Boy Frozen Pizza Stone Baked Pepperoni 338 g,$5.99
Farm Boy Frozen Fruit Tropical Blend 600 g,$5.99
Farm Boy Frozen Pizza Stone Baked Vegetable 375 g,$5.99
Farm Boy Frozen Whole Strawberries 600 g,$5.99
Farm Boy Frozen Stone Baked Pizza Four Cheese 330 g,$5.99
Farm Boy Frozen Gelato Toffee Cappuccino Crunch 500 ml,$6.99
Farm Boy Vegan Chicken-Less Nuggets 350 g (frozen),$6.99
Farm Boy Vegan Frozen Beef-Less Tenders 350 g,$6.99
Farm Boy Sorbet Mango 500 ml,$6.99
Farm Boy Waffle Cookie Ice Cream Sandwiches Dulce De Leche 4 x 140 ml,$6.99
Farm Boy Gelato Milk & Cookies 500 ml,$6.99
Farm Boy Frozen Gelato Strawberry Cheesecake 500 ml,$6.99
Farm Boy Frozen Wild Blueberries 600 g,$6.99
Farm Boy Frozen Sorbet Blueberry Lemon 500 ml,$6.99
Farm Boy Sorbet Watermellon 473 ml,$6.99
Farm Boy Sorbet Strawberry Coconut 500 ml,$6.99
Farm Boy Gelato Belgian Chocolate 500 ml,$6.99
Farm Boy Frozen Gelato Salted Peanut & Caramel 500 ml,$6.99
Farm Boy Waffle Cookie Ice Cream Sandwich Chocolate 140 ml,$6.99
Farm Boy Chicken Dumplings 500 g,$7.49
Farm Boy Frozen Dumplings Pork 500 g,$7.49
Farm Boy Frozen Phyllo Bites Apple & Cinnamon 454 g,$7.99
Farm Boy Vegan Tikka Masala 370 g (frozen),$7.99
Farm Boy Frozen Vegan Kung Pao 370 g,$7.99
Farm Boy Frozen Spiedini Pork 300 g,$7.99
Farm Boy Frozen Whole Raspberries 600 g,$7.99
Farm Boy Frozen Cauliflower Tempura With Buffalo Sauce 480 g,$7.99
Farm Boy Flatbread Chicken Tikka 430 g (frozen),$8.99
Farm Boy Italian Canned Tomatoes Whole Peeled 796 ml,$3.49
Farm Boy Organic Soup Tuscan Style Minestrone 398 ml,$3.99
Farm Boy Hearty Minestrone Soup 946 ml,$7.99
Farm Boy Organic Chick Peas No Added Salt 398 ml,$2.99
Farm Boy Sliced Kalamata Olives Grade A 370 ml,$3.49
Farm Boy Organic Soup Mediterranean Lentil 398 ml,$3.99
Farm Boy Pitted Green Olives 370 ml,$3.49
Farm Boy Low Sodium Soup Chicken Orzo 946 ml,$7.99
Farm Boy Green Olives Grade A Red Pepper Stuffed 370 ml,$3.49
Farm Boy Green Olives Grade A Garlic Stuffed 370 ml,$3.49
Farm Boy Marinated Artichoke Hearts 340 ml,$4.49
Farm Boy Organic Black Beans No Added Salt 398 ml,$2.99
Farm Boy Sauerkraut 796 ml,$3.49
Farm Boy Organic Four Bean Medley No Added Salt 398 ml,$2.99
Farm Boy Soup Tomato Basil 946 ml,$7.99
Farm Boy Kalamata Olives Jumbo Grade A 370 ml,$3.49
Farm Boy Organic Soup Sweet Potato Coconut Curry 398 ml,$3.99
Farm Boy Organic Soup Butternut Squash 398 ml,$3.99
Farm Boy Pickled Roasted Red Peppers 500 ml,$4.99
Farm Boy Organic Soup Tomato & Red Pepper 398 ml,$3.99
Farm Boy Soup Thai Sweet Potato 946 ml,$7.99
Farm Boy Organic Traditional Sauerkraut European Style 375 ml,$5.99
Farm Boy Green Olives Almond Stuffed Grade A 370 ml,$3.49
Farm Boy Organic Soup Caribbean Black Bean 398 ml,$3.99
Farm Boy Organic Red Kidney Beans No Added Salt 398 ml,$2.99
Farm Boy Mild Muffuletta 500 ml,$5.99
Farm Boy Organic Sauerkraut 375 ml,$5.99
Farm Boy Organic Sliced Dill Pickles 500 ml,$8.49
Farm Boy Red Cabbage Salad with Apples 796 ml,$3.49
Farm Boy Baked Beans Campfire 398 ml,$2.99
Farm Boy Organic Low Sodium Vegetable Broth 900 ml,$2.99
Farm Boy Frozen Beef Bone Broth 500 ml,$9.99
Farm Boy Organic Whole Dill Pickles 1 L,$8.49
Farm Boy Jalapenos Slices 370 ml,$3.99
Farm Boy Organic Pickles Baby Dill 500 ml,$8.49
Farm Boy Low Sodium Organic Chicken Broth 900 ml,$2.99
Farm Boy Pickled Vegetables Pepperoncini 500 ml,$3.49
Farm Boy Polish Dill Pickles 1.5 L,$6.99
Farm Boy Organic Tomato Paste Concentrated 140 g,$3.49
Farm Boy Baked Beans Maritimes 398 ml,$2.99
Farm Boy Pickled Mushrooms Mild 250 ml,$4.99
Farm Boy Sauerkraut With Carrots 796 ml,$3.49
Farm Boy Spicy Pickled Eggplant 500 ml,$4.99
Farm Boy Organic Beets & Onions 500 ml,$7.99
Farm Boy Pickled Peppers Hot & Sweet 250 ml,$3.99
Farm Boy Flaked Light Tuna In Water 170 g,$2.49
Farm Boy Whole Green Olives Grade A 370 ml,$3.49
Farm Boy Spicy Muffuletta 500 ml,$5.99
Farm Boy Chunk Light Tuna In Water 170 g,$2.49
Farm Boy Flaked Light Tuna In Oil 170 g,$2.49
Farm Boy Cajun Mix Louisiana Style 70 g,$0.99
Farm Boy Poultry Seasoning  26 g,$1.99
Farm Boy Garlic Powder 66 g,$2.29
Farm Boy Taco Seasoning Mild 65 g,$5.99
Farm Boy Sesame Seeds 24 g,$1.99
Farm Boy Cinnamon Sticks  23 g,$2.49
Farm Boy Italian Seasoning 20 g,$2.49
Farm Boy Ground Nutmeg 24 g,$2.99
Farm Boy Spice Allspice 24 g,$2.29
Farm Boy Organic Ground Cinnamon 40 g,$6.99
Farm Boy Ground Pure Black Pepper 34 g,$2.99
Farm Boy Onion Powder 80 g,$2.29
Farm Boy Garam Masala 30 g,$3.79
Farm Boy Ground Sage 16 g,$1.79
Farm Boy Whole Bay Leaves 10 g,$2.29
Farm Boy Ground Cloves 25 g,$3.99
Farm Boy Pasta Sauce Fresh Rose 680 ml,$6.99
Farm Boy Ground Ginger 28 g,$2.29
Farm Boy Seasoning Lemon Pepper 140 g,$3.99
Farm Boy Whole Thyme 40 g,$2.29
Farm Boy Sumac Seasoning Mild 60 g,$5.99
Farm Boy Ground Coriander 30 g,$1.99
Farm Boy Parsley Flakes 5 g,$1.79
Farm Boy Organic Seasoning Italian 26 g,$5.49
Farm Boy Tarragon Leaves  6 g,$1.99
Farm Boy Star Anise 12 g,$4.99
Farm Boy Organic Paprika 48 g,$6.49
Farm Boy Cumin Seeds 28 g,$2.99
Farm Boy Seasoning Herbes De Provence Mild 26 g,$5.99
Farm Boy Chives  4 g,$1.99
Farm Boy Organic Oregano 14 g,$5.49
Farm Boy Fajita Seasoning Mild 60 g,$5.99
Farm Boy Za'Atar Seasoning Mild 60 g,$5.99
Farm Boy Mustard Powder 27 g,$2.49
Farm Boy Whole Nutmeg  20 g,$3.99
Farm Boy Grated Basil 12 g,$1.79
Farm Boy Dill Top Leaves 8 g,$1.99
Farm Boy Organic Ground Black Pepper 45 g,$6.49
Farm Boy Whole Cloves  24 g,$3.99
Farm Boy Organic Ground Cumin 45 g,$6.99
Farm Boy Whole Rosemary 12 g,$1.99
Farm Boy Parsley Flakes 35 g,$4.99
Farm Boy Seasoning Chinese Five Spices 48 g,$5.99
Farm Boy Coarse Sea Salt Salt Grinder 195 g,$7.99
Farm Boy Whole Black Pepper  28 g,$2.99
Farm Boy Fleur De Sel 240 g,$5.99
Farm Boy Organic Turmeric 54 g,$6.99
Farm Boy Grated Oregano 22 g,$2.29
Farm Boy Provence Herbs 10 g,$2.29
Farm Boy Harissa Seasoning Very Spicy 58 g,$5.99
Farm Boy Frozen Pizza Dough Traditional Italian 454 g,$2.49
Farm Boy Premium Buttermilk Pancake Mix 500 g,$5.99
Farm Boy Breadcrumbs Panko 227 g,$3.49
Farm Boy Frozen Vegan Cauliflower Pizza Crust 500 g,$8.99
Farm Boy Organic Wholegrain Dark Rye Flour 1 kg,$4.99
Farm Boy Organic All Purpose Flour 1 kg,$6.99
Farm Boy Pure Canadian Maple Sugar 150 g,$5.99
Farm Boy Organic Light Spelt Flour 925 g,$7.99
Farm Boy Brownie Mix Deluxe Chocolate 500 g,$5.99
Farm Boy Organic Whole Grain Buckwheat Flour 1 kg,$7.99
Farm Boy Vegan Keto Crumbs Graham Style 300 g,$6.99
Farm Boy Organic Brown Rice Flour 1 kg,$7.99
Farm Boy Pure Maple Syrup Grade A Amber 500 ml,$10.99
Farm Boy Pure Liquid Honey Bear 375 g,$6.99
Farm Boy Maple Syrup Grade A Amber 250 ml,$5.99
Farm Boy Liquid Pure Honey 500 g,$9.99
Farm Boy Liquid Pure Honey 1 kg,$14.99
Farm Boy Pure Creamed Honey 500 g,$9.99
Farm Boy Tri Nut Butter 365 g,$9.99
Farm Boy Honey Raw 500 g,$9.99
Farm Boy Milk Chocolate Dessert Sauce 220 g,$4.99
Farm Boy Honey Buckwheat 500 g,$9.99
Farm Boy Gluten-Free Cheezy Mac Elbow Pasta 170 g,$2.79
Farm Boy Gluten-Free Pasta Shells Cheezy Mac 170 g,$2.79
Farm Boy Ramen Noodles 540 g (frozen),$3.49
Farm Boy Chow Mein Noodles 355 g,$3.49
Farm Boy Udon Noodles 450 g (frozen),$3.49
Farm Boy Oven Ready Egg Lasagna Sheets 500 g,$4.49
Farm Boy Artisan Pasta Spaccatelle Lunghe 500 g,$4.99
Farm Boy Artisan Pasta Riccioli 500 g,$4.99
Farm Boy Whole Wheat Riccioli 500 g,$4.99
Farm Boy Artisan Pasta Fileja Al Nero Di Seppla 500 g,$4.99
Farm Boy Whole Wheat Tagliatelle 500 g,$4.99
Farm Boy Linguine 300 g,$4.99
Farm Boy Artisan Pasta Paccheri Rigati 500 g,$4.99
Farm Boy Penne 300 g,$4.99
Farm Boy Artisan Pasta Spaghetti 500 g,$4.99
Farm Boy Artisan Pasta Tagliatelle 500 g,$4.99
Farm Boy Artisan Pasta Orecchiette 500 g,$4.99
Farm Boy Pappardelle 300 g,$4.99
Farm Boy Spinach & Ricotta Cheese Ravioli 300 g,$5.99
Farm Boy Beef Tortellini 300 g,$5.99
Farm Boy Tortellini Cheese 300 g,$5.99
Farm Boy Ravioli Mushroom Leek And Truffle 300 g,$5.99
Farm Boy Gluten-Free Fettuccine 300 g,$7.99
Farm Boy Gluten-Free Spaghetti 300 g,$7.99
Farm Boy Fresh Ravioli Mushroom & Ricotta 300 g,$8.99
Farm Boy Spinach & Cheese Ravioli 300 g,$8.99
Farm Boy Pasta Meal Kit Chicken Penne 870 g,$14.99
Farm Boy Diner Dinners Pasta Alfredo Primavera 650 g,$14.99
Farm Boy Organic Ancient Quinoa 225 g,$4.99
Farm Boy Pearled Moroccan Style Couscous 225 g,$4.99
Farm Boy Mediterranean Style Basmati Rice 225 g,$4.99
Farm Boy Vegetable Paella Kit 256 g,$7.99
Farm Boy Gluten-Free Seafood Kit Paella 255 g,$7.99
Farm Boy Organic Red Kidney Beans 398 ml,$2.99
Farm Boy Organic Four Bean Medley 398 ml,$2.99
Farm Boy Organic Chick Peas 398 ml,$2.99
Farm Boy Organic Black Beans 398 ml,$2.99
Farm Boy Sugarbush Baked Beans 398 ml,$2.99
Farm Boy Dressing Apple Cider Vinaigrette 350 ml,$5.99
Farm Boy Dressing Lemon Garlic Vinaigrette 350 ml,$5.99
Farm Boy Creamy Caesar Dressing 350 ml,$5.99
Farm Boy Crispy Fried Onions 175 g,$4.99
Farm Boy Creamy Ranch Dressing 350 ml,$5.99
Farm Boy Dressing Greek Vinaigrette 350 ml,$5.99
Farm Boy Salad Power Protein 250 g,$8.99
Farm Boy Balsamic Vinaigrette 350 ml,$5.99
Farm Boy Salad Caesar 165 g,$6.99
Farm Boy Dressing Italian Vinaigrette 350 ml,$5.99
Farm Boy Dressing Mediterranean Vinaigrette 350 ml,$5.99
Farm Boy Dressing Sesame Ginger Vinaigrette 350 ml,$5.99
Farm Boy Dressing Lemon Garlic With Honey 350 ml,$5.99
Farm Boy Dressing Creamy Coleslaw 250 ml,$4.99
Farm Boy Organic Salad Dressing Lemon Garlic 237 ml,$4.99
Farm Boy Organic Salad Dressing Mediterranean 237 ml,$4.99
Farm Boy Steakhouse Garlic Dressing & Dip 430 ml,$5.99
Farm Boy Salad Topper House Blend 500 g,$7.99
Farm Boy Raspberry Honey Dressing 350 ml,$5.99
Farm Boy Salad Dressing Chili Lime 350 ml,$5.99
Farm Boy Organic Dressing Lemon Fig 237 ml,$4.99
Farm Boy Dressing Creamy Mango Poppyseed 350 ml,$5.99
Farm Boy Our Original Lemon Garlic Dressing 350 ml,$5.99
Farm Boy French Reduced Fat Dressing 350 ml,$5.99
Farm Boy Salad Topper Mediterranean 600 g,$7.99
Farm Boy Dressing Red Pepper 350 ml,$5.99
Farm Boy Salad Topper Fiesta 600 g,$7.99
Farm Boy Eastern Sunset Salad Topper 600 g,$7.99
Farm Boy Fresh Mild Salsa 450 g,$4.99
Farm Boy Salsa Pico De Gallo 225 g,$4.49
Farm Boy Organic Apple Sauce 750 ml,$5.99
Farm Boy Italian Passata 660 ml,$3.49
Farm Boy Less Sugar Cranberry Sauce 375 ml,$4.99
Farm Boy Tartar Sauce 250 ml,$2.99
Farm Boy Basil Pesto 180 ml,$5.49
Farm Boy Organic Beef Broth Low Sodium 900 ml,$2.99
Farm Boy Black Bean Dip Spicy 265 g,$4.99
Farm Boy Vegan Brown Gravy Mix 45 g,$1.79
Farm Boy Mayonnaise Roasted Garlic & Herb 470 ml,$6.99
Farm Boy Alfredo Pasta Sauce Fresh Made 680 ml,$6.99
Farm Boy Horseradish Mild 250 ml,$2.99
Farm Boy Vegan Dressing Mayonnaise 810 ml,$6.99
Farm Boy Horseradish Extra Hot 250 ml,$2.99
Farm Boy Basil Pesto 212 ml,$5.99
Farm Boy Relish Sweet Corn & Pepper 250 ml,$5.99
Farm Boy Vegan Gravy Mix Mushroom 45 g,$1.79
Farm Boy Cooking Sauce Spicy Butter Chicken 450 ml,$4.99
Farm Boy Mustard Dijon 225 ml,$5.99
Farm Boy Vegan Pesto 180 ml,$5.49
Farm Boy Mustard BBQ Smoked Apple 225 ml,$5.99
Farm Boy Sauce Mix Hollandaise 40 g,$1.99
Farm Boy Cocktail Sauce 250 ml,$2.99
Farm Boy Compote Caramelized Onion & Balsamic 150 g,$6.99
Farm Boy Mayonnaise Chipotle 470 ml,$6.99
Farm Boy Brown Gravy Mix Sauce 45 g,$1.99
Farm Boy Horseradish Beet 250 ml,$2.99
Farm Boy Mustard Champagne & Honey 225 ml,$5.99
Farm Boy Vegan Gravy Mix Pepper 45 g,$1.79
Farm Boy Pesto Sundried Tomato 212 ml,$5.99
Farm Boy Thai Chili Sauce 350 ml,$3.99
Farm Boy Coconut Korma Sauce 450 ml,$4.99
Farm Boy Cooking Sauce Sweet Teriyaki 350 ml,$4.99
Farm Boy Ajvar Spread Mild 314 ml,$5.99
Farm Boy Taco Sauce 295 ml,$4.99
Farm Boy Cooking Sauce Stir Fry 350 ml,$4.99
Farm Boy Indian Cooking Sauce Vindaloo Curry 450 ml,$5.99
Farm Boy Mustard Garlic Dill 225 ml,$5.99
Farm Boy Vegan Spread Sundried Tomatoes 212 ml,$6.99
Farm Boy Light Mayonnaise 470 ml,$6.99
Farm Boy Indian Cooking Sauce Tikka Masala 450 ml,$5.99
Farm Boy Salsa Fire Roasted Tomatillo Jalapeno 300 ml,$5.49
Farm Boy Spread Spicy Bomba 212 ml,$5.99
Farm Boy Relish Green Tomatillo 250 ml,$2.99
Farm Boy Burger Sauce 470 ml,$6.99
Farm Boy Mustard Pub Style 225 ml,$5.99
Farm Boy Relish Pineapple Habanero 250 ml,$5.99
Farm Boy Sauce Not Too Hot 355 ml,$5.99
Farm Boy Artichoke And Walnut Pesto 212 ml,$5.99
Farm Boy Granola Cereal Maple Pecan 450 g,$5.99
Farm Boy Oatmeal Cup Banana Nut 70 g,$1.79
Farm Boy Oatmeal Cup Maple Walnut 70 g,$1.79
Farm Boy Oatmeal Cup Apple & Cinnamon 70 g,$1.79
Farm Boy Oatmeal Cup Berry Medley 70 g,$1.79
Farm Boy Organic Large Flake Oats 750 g,$5.49
Farm Boy Organic Steel Cut Oats 1 kg,$5.99
Farm Boy Organic Quick Oats 750 g,$5.49
Farm Boy Granola Cereal Pumpkin Hemp 450 g,$5.99
Farm Boy Granola Cereal Chocolate Raspberry 450 g,$5.99
Farm Boy Organic Granola Cereal Blueberry Vanilla 325 g,$6.99
Farm Boy Granola Cereal Fruit & Nut 450 g,$5.99
Farm Boy Keto Granola Pecan & Cinnamon 200 g,$6.99
Farm Boy Granola Cereal Organic Ancient Grains 325 g,$6.99
Farm Boy Organic Granola Cereal Apple Cinnamon 450 g,$6.99
Farm Boy Granola Cereal Almond Apricot 450 g,$5.99
Farm Boy Granola Cereal Cranberry Currant 450 g,$5.99
Farm Boy Granola Keto Chocolate 200 g,$6.99
Farm Boy Granola Cluster Cranberry 250 g,$5.99
Farm Boy Granola Cereal Organic Sunflower Seed & Almond 450 g,$6.99
Farm Boy Organic Late Harvest Buckwheat 225 g,$4.99
Farm Boy Instant Oatmeal Apple & Cinnamon 6 x 60 g,$4.99
Farm Boy Instant Oatmeal Twice Berry 6 x 60 g,$4.99
Farm Boy Organic Cereal Multigrain Flakes 700 g,$8.99
Farm Boy Organic Cereal Crisped Rice 600 g,$7.99
Farm Boy Maple Walnut Cluster 250 g,$5.99
Farm Boy All Natural Creamy Peanut Butter Unsalted 500 g,$3.99
Farm Boy Jam Blueberry 250 ml,$4.99
Farm Boy Jam Strawberry 250 ml,$4.99
Farm Boy Jam Orange 250 ml,$4.99
Farm Boy Banana Bread Caramel Sauce 220 g,$4.99
Farm Boy Jam Fig 250 ml,$4.99
Farm Boy Jam Raspberry 250 ml,$4.99
Farm Boy Jam Peach 250 ml,$4.99
Farm Boy Sunflower Seed Butter 365 g,$5.49
Farm Boy Jelly Red Pepper 185 ml,$5.99
Farm Boy Chutney Spicy Tomato 250 g,$5.99
Farm Boy Chutney Sweet Mango 250 g,$5.99
Farm Boy Ajvar Spread Spicy 314 ml,$5.99
Farm Boy Jelly Tangerine & Red Chili 185 ml,$5.99
Farm Boy Spread Chocolate Hazelnut 350 g,$5.99
Farm Boy Organic Tahini Smooth 365 g,$6.99
Farm Boy Organic Peanut Butter Smooth 500 g,$6.99
Farm Boy Vegan Spread Caper Berries 212 ml,$6.99
Farm Boy Compote Cranberry Port & Pecan 150 g,$6.99
Farm Boy Organic Peanut Butter Crunchy 500 g,$6.99
Farm Boy Spread Semi Dry Cherry Tomatoes 212 ml,$6.99
Farm Boy Spread Original Sesame Chocolate 370 g,$7.99
Farm Boy Almond Butter 365 g,$9.99
Farm Boy Cashew Butter Smooth 365 g,$9.99
Farm Boy Pumpkin Seed Butter 365 g,$9.99
Farm Boy Vinegar Red Wine 500 ml,$3.49
Farm Boy Vinegar White Wine 500 ml,$3.49
Farm Boy Extra Virgin Olive Oil Greek 500 ml,$9.99
Farm Boy Balsamic Vinegar 500 ml,$5.99
Farm Boy Extra Virgin Olive Oil Spanish 500 ml,$9.99
Farm Boy Organic Apple Cider Vinegar 945 ml,$7.49
Farm Boy Extra Virgin Olive Oil Portuguese 500 ml,$9.99
Farm Boy Grapeseed Oil Truffle Flavoured 100 ml,$14.99
Farm Boy Double Baked Pita Crackers Original 170 g,$3.49
Farm Boy Popcorn Himalayan Pink Salt 320 g,$5.99
Farm Boy Popcorn Real Butter 125 g,$3.49
Farm Boy Double Baked Pita Chips Sea Salt 227 g,$4.49
Farm Boy Double Baked Pita Crackers Multigrain 170 g,$3.49
Farm Boy Water Crackers 125 g,$2.49
Farm Boy Double Roasted Almonds Milk Chocolate Covered 275 g,$6.49
Farm Boy Tortilla Chips Natural 400 g,$4.99
Farm Boy Double Baked Pita Chips Parmesan Garlic & Herbs 227 g,$4.49
Farm Boy Potato Chips Sea Salt & Vinegar 185 g,$3.99
Farm Boy Dry Roasted & Unsalted Pumpkin Seeds 175 g,$3.49
Farm Boy Fattoush Chips Sea Salt 190 g,$4.99
Farm Boy Pita Crackers Parmesan Garlic And Herb 170 g,$3.49
Farm Boy Popcorn Cheddar Jalapeno 125 g,$3.49
Farm Boy Crinkle Cut Potato Chips With Sea Salt 400 g,$5.99
Farm Boy Double Roasted Almonds Dark Chocolate Covered 275 g,$6.49
Farm Boy Pretzel Bites Peanut Butter Filled 680 g,$7.99
Farm Boy Twists Pretzels Mini 320 g,$2.99
Farm Boy Artisan Crackers Cashew & Cranberry 150 g,$5.99
Farm Boy Keto Krackers Original 150 g,$7.99
Farm Boy Nuts Walnut Halves & Pieces Raw 500 g,$12.99
Farm Boy Chips Herb and Garlic Fattoush 190 g,$4.99
Farm Boy Flatbreads Whole Wheat 200 g,$3.99
Farm Boy Potato Chips Sea Salt 185 g,$3.99
Farm Boy Sweet Potato Chips 142 g,$3.99
Farm Boy Potato Chips Sour Cream & Onion 185 g,$3.99
Farm Boy Nuts Raw Pecans 250 g,$9.99
Farm Boy Sunflower Seeds Raw 250 g,$2.49
Farm Boy Roasted Salted Pumpkin Seeds 175 g,$3.49
Farm Boy Gluten -Free Chickpea Chips Creamy Dill 120 g,$3.49
Farm Boy Peanuts Unsalted In Shell 908 g,$5.49
Farm Boy Gluten - Free Chickpea Chips Red Curry 120 g,$3.49
Farm Boy Pretzel Milk Chocolate 180g,$5.99
Farm Boy Grissini Original 250 g,$3.99
Farm Boy Pumpkin Seeds Raw 175 g,$3.49
Farm Boy Potato Chips Ketchup 198 g,$3.99
Farm Boy Potato Chips Creamy Dill 198 g,$3.99
Farm Boy Organic Raw Sunflower Seeds 200 g,$2.99
Farm Boy Potato Chips Barbecue 198 g,$3.99
Farm Boy Pretzels Sticks 400 g,$2.99
Farm Boy Naan Crisps 12 Grain 170 g,$1.99
Farm Boy Chickpea Chips Salt & Pepper 120 g,$3.49
Farm Boy Baguette Crisps Olive Oil & Sea Salt 142 g,$3.99
Farm Boy Nuts Raw Walnut Halves & Pieces 225 g,$6.99
Farm Boy Pretzel Q's 250 g,$3.99
Farm Boy Low Sodium Popcorn 125 g,$3.49
Farm Boy Organic Nuts Walnuts Raw 225 g,$8.99
Farm Boy Twisted Pretzels 400g,$3.29
Farm Boy Corn Chips Mini Flax 225 g,$3.99
Farm Boy Dried Fruit Mango Slices 120 g,$3.99
Farm Boy Dark Chocolate 80 g,$3.49
Farm Boy Mini Biscotti Cappuccino 160 g,$3.99
Farm Boy Cookie Chips Spicy Ginger 170 g,$3.99
Farm Boy Shortbread Cookies Pure Butter 170 g,$4.99
Farm Boy Mini Biscotti Wild Berry 160 g,$3.99
Farm Boy Wafer Rolls Lemon 150 g,$2.99
Farm Boy Cookies Chocolate Chip 300 g,$4.99
Farm Boy Cookie Chips Toasted Coconut 170 g,$3.99
Farm Boy No Preservatives Almond Mini Biscotti 160 g,$3.99
Farm Boy Vegan Cookies Chocolate Chip 300 g,$5.99
Farm Boy Double Roasted Almonds Milk Chocolate Covered 80 g,$2.99
Farm Boy Wafer Rolls Hazelnut 150 g,$2.99
Farm Boy Maple Leaf Cream Cookies 400 g,$4.49
Farm Boy Fruit Organic Mango Slices 175 g,$7.99
Farm Boy PB&J Dip-Stix Raspberry  4 x 60 g,$4.99
Farm Boy Fruit Organic Pitted Prunes 200 g,$6.99
Farm Boy Shortbread Cookies Lemon 170 g,$4.99
Farm Boy Fruit Organic Medjool Dates 325 g,$9.99
Farm Boy Shortbread Cookies Raspberry White Chocolate 170 g,$4.99
Farm Boy Vegan Cookies Oatmeal Coconut 300 g,$5.99
Farm Boy Greek Yogurt Raisins 275 g,$5.49
Farm Boy Milk Chocolate 80 g,$3.49
Farm Boy Vegan Cookies Oatmeal Raisin 300 g,$5.99
Farm Boy Cookies Chocolate Chip Butterscotch 300 g,$3.99
Farm Boy Organic Sweetened Banana Fruit Chips 125 g,$2.99
Farm Boy Double Roasted Hazelnuts Dark Chocolate Covered 200 g,$5.99
Farm Boy Salted Caramel Dark Chocolate Bar 50 g,$2.49
Farm Boy Vegan Cookies Peanut Butter 300 g,$5.99
Farm Boy Fruit Organic Cranberries 175 g,$5.99
Farm Boy Fruit Organic Apple Slices 175 g,$6.99
Farm Boy Cookies Gingersnap 300 g,$3.99
Farm Boy PB&J Dip Stix Strawberry 4 x 60 g,$4.99
Farm Boy Fruit Organic Thompson Raisins 200 g,$3.99
Farm Boy Cookie Chips Chocolate Chip 170 g,$3.99
Farm Boy Double Roasted Almonds Dark Chocolate Covered 80 g,$2.99
Farm Boy Cookies Oatmeal 300 g,$5.99
Farm Boy Milk Chocolate Covered Sponge Toffee 120 g,$5.99
Farm Boy Blueberry Superfood Bars 168 g,$4.99
Farm Boy Double Roasted Hazelnuts Milk Chocolate Covered 200 g,$5.99
Farm Boy Gummy Bears Mini & Jumbo Blend 200 g,$3.99
Farm Boy Apple Cinnamon Superfood Bars 168g,$4.99
Farm Boy Dried Fruit Organic Sultana Raisins 200 g,$3.49
Farm Boy Choc Chip Superfood Bar 168g,$4.99
Farm Boy Cookies Oatmeal Chocolate Chip 240 g,$4.99
Farm Boy Semi-Sweet Chocolate 80 g,$3.49
Farm Boy Mini Stroopwafles Maple 185 g,$4.99
Farm Boy Gluten Free Shorties Cookies Raspberry Lemon 140 g,$5.49
Farm Boy Fruit Jellies 130 g,$3.99
Farm Boy Organic Orange Juice 1.75 L (bottle),$6.49
Farm Boy Organic Sparkling Water Orange Vanilla 12 x 355 ml (cans),$6.49
Farm Boy Organic Sparkling Water Lemon Lime 12 x 355 ml (cans),$6.49
Farm Boy Water Carbonated 750 ml (bottle),$1.99
Farm Boy Organic Lemonade 1.75 L (bottle),$5.49
Farm Boy Organic Sparkling Water Mango Grapefruit 12 x 355 ml (cans),$6.49
Farm Boy Juice Orange 1.89 L,$7.99
Farm Boy Blood Orange Sparkling Beverage 750 ml (bottle),$3.49
Farm Boy Sparkling Water Pineapple 12 x 355 ml (cans),$6.49
Farm Boy Strawberry Lemonade 1.89 L,$6.49
Farm Boy Sparkling Water Orange Vanilla 1 L (bottle),$1.49
Farm Boy Organic Sparkling Water Cucumber Melon 12 x 355 ml (cans),$6.99
Farm Boy Organic Juice From Concentrate Grapefruit 1.75 L (bottle),$6.49
Farm Boy No Sugar Added Juice Prune 950 ml (bottle),$5.99
Farm Boy Sparkling Water Blackberry Hibiscus 1 L (bottle),$1.49
Farm Boy Juice Orange 946 ml (bottle),$5.99
Farm Boy Water Carbonated Lemon 750 ml (bottle),$1.99
Farm Boy Sparkling Beverage Pomegranate 750 ml (bottle),$3.49
Farm Boy Sparkling Beverage Pink Lemonade 750 ml (bottle),$3.49
Farm Boy Organic Kombucha Canadian Berry 355 ml,$3.99
Farm Boy 2.4% Kefir Blueberry 1 L,$5.99
Farm Boy Sparkling Beverage Mango Lime 750 ml (bottle),$3.49
Farm Boy Sparkling Water Cucumber Melon 1 L (bottle),$1.49
Farm Boy Sparkling Water Mango Grapefruit 1 L (bottle),$1.49
Farm Boy No Sugar Added Juice Carrot 950 ml (bottle),$4.99
Farm Boy Organic Kombucha Mango Grapefruit 355 ml,$3.99
Farm Boy Sparkling Lemonade Clementine 750 ml (bottle),$3.49
Farm Boy Juice Orange Mango 473 ml (bottle),$3.99
Farm Boy Sparkling Lemonade Raspberry 750 ml (bottle),$3.49
Farm Boy Chocolate Truffle Hot Cocoa 500 g,$4.99
Farm Boy Organic Kombucha Ginger 355 ml,$3.99
Farm Boy Juice Orange Mango & Cranberry 1.75 L,$4.99
Farm Boy Juice Pineapple Orange 473 ml (bottle),$3.99
Farm Boy Organic Kombucha Cranberry Cucumber 355 ml,$3.99
Farm Boy No Sugar Added Juice Pear 950 ml (bottle),$4.99
Farm Boy Organic Instant Coffee Original 100 g,$8.99
Farm Boy Organic Juice Blueberry Grape 1.75 L,$6.49
Farm Boy Sparkling Juice Apple Cranberry 750 ml (bottle),$4.99
Farm Boy Organic Apple Juice 1.75 L,$6.49
Farm Boy Organic Whole Bean Coffee Breakfast Blend 454 g,$16.99
Farm Boy Organic Whole Bean Coffee City Roast 454 g,$16.99
Farm Boy Gluten-Free Green Tea Matcha  400 g,$6.99
Farm Boy Organic Kombucha Canadian Berry 1.1 L,$8.99
Farm Boy Organic Green Tea Jasmine 30 g,$6.49
Farm Boy Organic Whole Bean Coffee Fair Trade Decaf 454 g,$16.99
Farm Boy Sparkling Beverage Lemon 750 ml (bottle),$3.49
Farm Boy No Sugar Added Juice Pomegranate 950 ml (bottle),$7.99
Farm Boy Strawberry Lemonade 473 ml (bottle),$2.99
Farm Boy Organic Lemonade Cranberry 1.75 L,$4.99
Farm Boy Organic Herbal Tea Chamomile 15 Tea Bags,$6.49
